{"Team":{"26":"Man City","9":"Brighton","46":"Wolves","24":"Liverpool","23":"Leicester","1":"Aston Villa","44":"West Ham","30":"Newcastle","41":"Tottenham","15":"Crystal Palace","18":"Fulham","10":"Burnley","0":"Arsenal","6":"Bournemouth","36":"Sheffield United","27":"Man United","37":"Southampton","17":"Everton","13":"Chelsea","22":"Leeds","42":"Watford","43":"West Brom","31":"Norwich"},"Points_Per_Game_Pre_VAR":{"26":1.7251461988,"9":1.0,"46":1.0157894737,"24":1.8434903047,"23":1.2302631579,"1":1.2335526316,"44":1.2088815789,"30":1.2925696594,"41":1.6315789474,"15":1.1353383459,"18":1.1503759398,"10":1.0368421053,"0":1.9626038781,"6":1.1644736842,"36":1.0,"27":2.0775623269,"37":1.2478070175,"17":1.4459833795,"13":2.0193905817,"22":1.4078947368,"42":1.0736842105,"43":1.0175438596,"31":1.0052631579},"Total_Points_Pre_VAR":{"26":1180.0,"9":76.0,"46":193.0,"24":1331.0,"23":374.0,"1":750.0,"44":735.0,"30":835.0,"41":1178.0,"15":302.0,"18":612.0,"10":197.0,"0":1417.0,"6":177.0,"36":38.0,"27":1500.0,"37":569.0,"17":1044.0,"13":1458.0,"22":214.0,"42":204.0,"43":464.0,"31":191.0},"Games_Played_Pre_VAR":{"26":684.0,"9":76.0,"46":190.0,"24":722.0,"23":304.0,"1":608.0,"44":608.0,"30":646.0,"41":722.0,"15":266.0,"18":532.0,"10":190.0,"0":722.0,"6":152.0,"36":38.0,"27":722.0,"37":456.0,"17":722.0,"13":722.0,"22":152.0,"42":190.0,"43":456.0,"31":190.0},"Points_Per_Game_Post_VAR":{"26":2.2934782609,"9":1.2989130435,"46":1.2989130435,"24":2.1630434783,"23":1.4078947368,"1":1.4,"44":1.3405405405,"30":1.4076086957,"41":1.6956521739,"15":1.1576086957,"18":1.119266055,"10":1.0068027211,"0":1.8532608696,"6":1.0648148148,"36":0.8611111111,"27":1.7554347826,"37":1.0526315789,"17":1.1847826087,"13":1.6284153005,"22":1.1228070175,"42":0.75,"43":0.6842105263,"31":0.5657894737},"Total_Points_Post_VAR":{"26":422.0,"9":239.0,"46":239.0,"24":398.0,"23":214.0,"1":259.0,"44":248.0,"30":259.0,"41":312.0,"15":213.0,"18":122.0,"10":148.0,"0":341.0,"6":115.0,"36":93.0,"27":323.0,"37":160.0,"17":218.0,"13":298.0,"22":128.0,"42":57.0,"43":26.0,"31":43.0},"Games_Played_Post_VAR":{"26":184.0,"9":184.0,"46":184.0,"24":184.0,"23":152.0,"1":185.0,"44":185.0,"30":184.0,"41":184.0,"15":184.0,"18":109.0,"10":147.0,"0":184.0,"6":108.0,"36":108.0,"27":184.0,"37":152.0,"17":184.0,"13":183.0,"22":114.0,"42":76.0,"43":38.0,"31":76.0},"VAR_Impact_Ratio":{"26":1.329439941,"9":1.2989130435,"46":1.2787226853,"24":1.1733413909,"23":1.1443850267,"1":1.1349333333,"44":1.1089097261,"30":1.0890002603,"41":1.0392706872,"15":1.0196156061,"18":0.9729567668,"10":0.9710280051,"0":0.9442867663,"6":0.9144172421,"36":0.8611111111,"27":0.8449492754,"37":0.8435852373,"17":0.8193611528,"13":0.8063894698,"22":0.7975077882,"42":0.6985294118,"43":0.6724137931,"31":0.5628272251}}